{
    "name": "csci4061-fa25",
    "build": {
        "dockerfile": "Dockerfile"
    },
    "otherPortsAttributes": {
        "onAutoForward": "silent"
    },
    "runArgs": [
        "--ulimit=nofile=1024:1024",
        "--cap-add=SYS_PTRACE",
        "--security-opt",
        "seccomp=unconfined"
    ],
    "customizations": {
        "vscode": {
            "extensions": [
                "ms-vscode.cpptools-extension-pack",
                "xaver.clang-format"
            ],
            "settings": {
                "files.trimTrailingWhitespace": true,
                "editor.formatOnSave": true,
                "extensions.verifySignature": false,
                "files.insertFinalNewline": true,
                "[c][cpp]": {
                    "editor.defaultFormatter": "xaver.clang-format"
                }
            }
        }
    }
}
